Input,sort1,sort2
1,0,0
2,0.44136,0.52161
3,1.19,1.37
4,2.72,2.37
5,4.25,3.61
6,8.65,6.73
7,11.32,8.38
8,19.19,12.55
9,22.73,14.91
10,27.27,17.71
